{"assets/coin.json":["assets/coin.json"],"assets/fonts/nunito/Nunito-Black.ttf":["assets/fonts/nunito/Nunito-Black.ttf"],"assets/fonts/nunito/Nunito-BlackItalic.ttf":["assets/fonts/nunito/Nunito-BlackItalic.ttf"],"assets/fonts/nunito/Nunito-Bold.ttf":["assets/fonts/nunito/Nunito-Bold.ttf"],"assets/fonts/nunito/Nunito-BoldItalic.ttf":["assets/fonts/nunito/Nunito-BoldItalic.ttf"],"assets/fonts/nunito/Nunito-ExtraBold.ttf":["assets/fonts/nunito/Nunito-ExtraBold.ttf"],"assets/fonts/nunito/Nunito-ExtraBoldItalic.ttf":["assets/fonts/nunito/Nunito-ExtraBoldItalic.ttf"],"assets/fonts/nunito/Nunito-ExtraLight.ttf":["assets/fonts/nunito/Nunito-ExtraLight.ttf"],"assets/fonts/nunito/Nunito-ExtraLightItalic.ttf":["assets/fonts/nunito/Nunito-ExtraLightItalic.ttf"],"assets/fonts/nunito/Nunito-Italic.ttf":["assets/fonts/nunito/Nunito-Italic.ttf"],"assets/fonts/nunito/Nunito-Light.ttf":["assets/fonts/nunito/Nunito-Light.ttf"],"assets/fonts/nunito/Nunito-LightItalic.ttf":["assets/fonts/nunito/Nunito-LightItalic.ttf"],"assets/fonts/nunito/Nunito-Regular.ttf":["assets/fonts/nunito/Nunito-Regular.ttf"],"assets/fonts/nunito/Nunito-SemiBold.ttf":["assets/fonts/nunito/Nunito-SemiBold.ttf"],"assets/fonts/nunito/Nunito-SemiBoldItalic.ttf":["assets/fonts/nunito/Nunito-SemiBoldItalic.ttf"],"assets/images/raster/man.png":["assets/images/raster/man.png"],"assets/wave.json":["assets/wave.json"],"packages/cupertino_icons/assets/CupertinoIcons.ttf":["packages/cupertino_icons/assets/CupertinoIcons.ttf"],"packages/easy_stepper/assets/loading_black.json":["packages/easy_stepper/assets/loading_black.json"],"packages/easy_stepper/assets/loading_white.json":["packages/easy_stepper/assets/loading_white.json"],"packages/eva_icons_flutter/lib/fonts/Eva-Icons.ttf":["packages/eva_icons_flutter/lib/fonts/Eva-Icons.ttf"]}