[{"family":"MaterialIcons","fonts":[{"asset":"fonts/MaterialIcons-Regular.otf"}]},{"family":"Nunito","fonts":[{"weight":200,"asset":"assets/fonts/nunito/Nunito-ExtraLight.ttf"},{"weight":200,"style":"italic","asset":"assets/fonts/nunito/Nunito-ExtraLightItalic.ttf"},{"weight":300,"asset":"assets/fonts/nunito/Nunito-Light.ttf"},{"weight":300,"style":"italic","asset":"assets/fonts/nunito/Nunito-LightItalic.ttf"},{"weight":400,"asset":"assets/fonts/nunito/Nunito-Regular.ttf"},{"weight":400,"style":"italic","asset":"assets/fonts/nunito/Nunito-Italic.ttf"},{"weight":600,"asset":"assets/fonts/nunito/Nunito-SemiBold.ttf"},{"weight":600,"style":"italic","asset":"assets/fonts/nunito/Nunito-SemiBoldItalic.ttf"},{"weight":700,"asset":"assets/fonts/nunito/Nunito-Bold.ttf"},{"weight":700,"style":"italic","asset":"assets/fonts/nunito/Nunito-BoldItalic.ttf"},{"weight":800,"asset":"assets/fonts/nunito/Nunito-ExtraBold.ttf"},{"weight":800,"style":"italic","asset":"assets/fonts/nunito/Nunito-ExtraBoldItalic.ttf"},{"weight":900,"asset":"assets/fonts/nunito/Nunito-Black.ttf"},{"weight":900,"style":"italic","asset":"assets/fonts/nunito/Nunito-BlackItalic.ttf"}]},{"family":"packages/cupertino_icons/CupertinoIcons","fonts":[{"asset":"packages/cupertino_icons/assets/CupertinoIcons.ttf"}]},{"family":"packages/eva_icons_flutter/EvaIcons","fonts":[{"asset":"packages/eva_icons_flutter/lib/fonts/Eva-Icons.ttf"}]}]